id,hour,hour_bef_temperature,hour_bef_precipitation,hour_bef_windspeed,hour_bef_humidity,hour_bef_visibility,hour_bef_ozone,hour_bef_pm10,hour_bef_pm2.5,count
0,7,20.7,0.0,1.3,62.0,954.0,0.041,44.0,27.0,95.61
1,17,30.0,0.0,5.4,33.0,1590.0,0.061,49.0,36.0,220.37
2,13,19.0,1.0,2.1,95.0,193.0,0.02,36.0,28.0,67.89
4,6,22.5,0.0,2.5,60.0,1185.0,0.027,52.0,38.0,27.82
5,22,14.6,1.0,3.4,93.0,218.0,0.041,18.0,15.0,74.05
10,9,20.2,0.0,4.3,39.0,2000.0,0.034,22.0,7.0,121.84
11,18,19.0,0.0,2.7,80.0,2000.0,0.028,17.0,12.0,183.1
12,18,31.2,0.0,2.2,42.0,621.0,0.117,94.0,69.0,323.39
15,6,20.1,0.0,0.8,78.0,463.0,0.026,57.0,33.0,37.13
17,8,17.0,1.0,0.9,100.0,200.0,0.022,12.0,12.0,118.79
18,20,26.7,0.0,3.9,34.0,2000.0,0.05,36.0,14.0,295.03
23,17,27.1,0.0,2.4,18.0,2000.0,0.046,25.0,7.0,259.11
25,13,27.5,0.0,2.4,56.0,651.0,0.058,39.0,29.0,94.49
26,2,22.4,0.0,1.3,59.0,913.0,0.047,43.0,29.0,38.44
31,23,24.2,0.0,0.7,50.0,2000.0,0.011,35.0,25.0,205.93
39,14,28.4,0.0,3.1,43.0,937.0,0.103,60.0,40.0,155.48
40,3,18.8,0.0,1.2,80.0,669.0,0.035,41.0,24.0,26.25
41,21,23.4,1.0,2.2,83.0,1138.0,0.042,36.0,28.0,186.87
42,18,29.4,0.0,3.3,43.0,1685.0,0.055,0.0,0.0,369.57
43,14,24.3,0.0,2.5,18.0,2000.0,0.045,34.0,8.0,158.15
51,16,29.4,0.0,4.4,36.0,1947.0,0.069,38.0,22.0,228.04
52,7,17.8,0.0,0.5,85.0,790.0,0.024,32.0,19.0,90.47
54,5,21.9,0.0,1.1,72.0,1274.0,0.013,29.0,20.0,17.27
60,12,27.2,0.0,1.9,43.0,1961.0,0.016,36.0,22.0,143.69
61,13,30.6,0.0,1.8,40.0,1012.0,0.045,44.0,29.0,145.23
62,11,26.5,0.0,1.2,56.0,1699.0,0.026,24.0,17.0,115.51
63,3,15.8,0.0,2.4,86.0,1067.0,0.048,22.0,15.0,26.54
65,10,19.7,0.0,4.3,32.0,2000.0,0.035,24.0,11.0,118.85
66,9,23.7,0.0,1.3,46.0,1719.0,0.011,42.0,26.0,110.86
68,15,28.2,0.0,1.8,51.0,897.0,0.086,39.0,32.0,136.92
71,0,22.5,0.0,0.1,79.0,1037.0,0.003,38.0,27.0,69.39
80,3,22.1,0.0,2.7,60.0,829.0,0.049,47.0,28.0,29.94
82,1,22.8,0.0,2.4,52.0,2000.0,0.0,0.0,0.0,66.14
94,12,29.9,0.0,1.9,28.0,1761.0,0.039,47.0,28.0,131.26
98,19,23.4,0.0,5.2,34.0,2000.0,0.047,33.0,15.0,274.81
101,6,22.2,0.0,1.5,85.0,288.0,0.04,50.0,39.0,32.17
102,15,27.0,0.0,1.4,47.0,1912.0,0.028,44.0,30.0,128.38
107,18,18.8,1.0,1.6,73.0,1256.0,0.045,23.0,19.0,103.44
112,16,32.6,0.0,3.1,32.0,882.0,0.138,70.0,47.0,231.26
113,7,21.2,0.0,0.3,90.0,268.0,0.006,38.0,28.0,75.24
115,1,21.5,1.0,0.5,90.0,347.0,0.0,0.0,0.0,58.67
116,11,23.7,0.0,3.2,27.0,2000.0,0.046,21.0,12.0,124.01
120,8,16.6,0.0,1.0,44.0,2000.0,0.01,24.0,12.0,141.66
121,10,17.9,0.0,0.3,100.0,406.0,0.008,13.0,14.0,85.62
122,19,28.0,0.0,4.3,33.0,2000.0,0.066,40.0,28.0,334.07
132,22,20.8,0.0,1.6,62.0,1842.0,0.042,32.0,20.0,195.99
143,7,20.5,1.0,1.9,92.0,508.0,0.031,24.0,17.0,86.52
147,1,22.8,0.0,1.2,57.0,1190.0,0.0,0.0,0.0,65.98
150,4,18.3,0.0,3.1,74.0,391.0,0.051,49.0,37.0,18.53
151,0,21.7,0.0,2.3,64.0,1038.0,0.036,46.0,35.0,86.84
152,17,28.8,0.0,3.4,37.0,1966.0,0.07,45.0,26.0,231.34
153,0,24.8,0.0,1.7,54.0,2000.0,0.02,29.0,19.0,91.89
155,8,20.3,0.0,0.3,77.0,265.0,0.014,62.0,45.0,171.85
156,20,16.6,1.0,3.7,79.0,1729.0,0.039,21.0,14.0,83.07
159,14,28.5,0.0,2.0,26.0,1984.0,0.058,27.0,17.0,200.45
161,8,16.8,0.0,0.5,44.0,2000.0,0.026,31.0,15.0,138.28
163,2,19.6,0.0,1.8,39.0,2000.0,0.037,27.0,18.0,45.96
177,14,24.6,0.0,2.8,28.0,2000.0,0.051,37.0,15.0,174.83
186,5,20.9,0.0,2.4,84.0,1215.0,0.04,17.0,14.0,15.2
188,5,16.0,0.0,1.9,57.0,2000.0,0.031,33.0,18.0,19.76
190,7,18.6,0.0,1.0,64.0,2000.0,0.025,34.0,21.0,87.99
191,10,17.5,0.0,2.4,72.0,980.0,0.028,33.0,23.0,80.17
192,18,24.1,0.0,3.2,57.0,796.0,0.069,50.0,34.0,276.6
195,20,27.8,0.0,3.5,44.0,1414.0,0.069,57.0,42.0,306.88
200,23,21.5,0.0,1.6,65.0,1717.0,0.047,29.0,20.0,140.87
209,19,26.9,0.0,3.9,42.0,2000.0,0.057,40.0,26.0,317.43
210,5,21.2,0.0,0.5,90.0,324.0,0.0069999999999999,33.0,26.0,15.71
211,16,33.0,0.0,4.4,37.0,988.0,0.09,52.0,36.0,237.93
214,22,22.2,0.0,2.8,84.0,1497.0,0.009,24.0,19.0,113.79
215,3,23.1,0.0,1.9,64.0,1068.0,0.038,45.0,35.0,26.28
218,11,26.0,0.0,3.0,55.0,895.0,0.05,49.0,28.0,101.83
219,2,18.3,0.0,0.1,74.0,486.0,0.04,44.0,34.0,35.09
222,8,17.2,0.0,2.1,43.0,2000.0,0.026,20.0,15.0,126.98
225,5,18.2,0.0,1.4,81.0,857.0,0.036,39.0,22.0,15.42
228,19,28.3,0.0,3.0,24.0,2000.0,0.056,31.0,15.0,317.7
236,15,27.3,0.0,4.1,21.0,2000.0,0.061,28.0,17.0,223.66
241,6,17.0,0.0,0.6,51.0,2000.0,0.034,20.0,17.0,37.48
242,16,25.4,0.0,3.4,50.0,1845.0,0.054,34.0,25.0,160.45
243,16,28.4,0.0,4.2,19.0,2000.0,0.055,23.0,8.0,214.08
245,4,20.8,0.0,0.0,64.0,1969.0,0.014,37.0,27.0,19.0
247,22,25.0,0.0,2.9,35.0,2000.0,0.027,34.0,22.0,248.51
251,15,28.8,0.0,2.4,53.0,1443.0,0.049,26.0,22.0,132.89
252,7,16.6,0.0,1.3,50.0,2000.0,0.027,22.0,15.0,87.26
253,0,24.3,0.0,1.4,75.0,343.0,0.04,57.0,44.0,83.2
254,9,17.0,0.0,1.2,80.0,586.0,0.034,34.0,25.0,90.56
258,18,24.3,0.0,5.9,32.0,2000.0,0.046,33.0,15.0,318.75
260,1,20.0,0.0,2.0,65.0,1662.0,0.0,0.0,0.0,55.42
261,13,29.2,0.0,2.1,39.0,1070.0,0.0819999999999999,60.0,38.0,183.25
265,0,19.9,0.0,1.6,51.0,2000.0,0.033,25.0,17.0,115.21
266,21,26.8,0.0,2.0,52.0,2000.0,0.03,38.0,23.0,284.75
267,19,27.3,0.0,3.5,65.0,790.0,0.056,40.0,31.0,302.76
269,15,23.9,0.0,1.9,38.0,2000.0,0.044,28.0,15.0,155.8
270,1,20.0,0.0,1.7,31.0,2000.0,0.0,0.0,0.0,65.17
275,11,25.6,0.0,1.5,46.0,967.0,0.044,45.0,35.0,101.24
278,2,22.9,0.0,1.2,66.0,1703.0,0.009,29.0,22.0,35.64
279,0,19.3,0.0,2.0,69.0,574.0,0.045,37.0,30.0,82.92
286,7,22.5,0.0,0.8,56.0,2000.0,0.026,25.0,16.0,93.03
287,3,16.8,0.0,0.9,46.0,2000.0,0.009,26.0,14.0,29.81
288,22,22.0,0.0,3.4,31.0,2000.0,0.017,37.0,11.0,230.56
289,23,20.3,0.0,2.9,64.0,1694.0,0.038,34.0,18.0,139.14
293,5,17.5,0.0,1.9,49.0,2000.0,0.034,21.0,17.0,18.24
294,16,25.0,0.0,5.2,58.0,811.0,0.077,49.0,32.0,132.26
297,1,15.1,1.0,2.2,98.0,224.0,0.0,0.0,0.0,49.74
302,9,24.2,0.0,1.0,75.0,375.0,0.03,51.0,39.0,121.92
303,7,19.5,0.0,1.4,86.0,218.0,0.014,56.0,43.0,66.58
304,23,14.6,1.0,3.7,94.0,306.0,0.04,18.0,15.0,74.39
307,10,26.0,0.0,0.8,44.0,1517.0,0.028,55.0,33.0,100.64
309,4,20.1,0.0,0.4,72.0,729.0,0.016,49.0,38.0,17.99
311,14,30.1,0.0,2.8,29.0,1744.0,0.079,43.0,27.0,175.2
312,23,22.7,1.0,0.8,85.0,560.0,0.01,41.0,30.0,131.61
314,16,29.6,0.0,3.0,33.0,1745.0,0.065,54.0,36.0,168.5
315,16,27.8,0.0,4.1,24.0,2000.0,0.061,25.0,14.0,231.7
319,23,20.2,0.0,3.1,48.0,2000.0,0.037,25.0,17.0,162.48
322,11,23.6,0.0,3.2,34.0,1944.0,0.033,24.0,8.0,124.85
323,1,18.7,0.0,1.4,41.0,2000.0,0.0,0.0,0.0,65.89
325,14,29.9,0.0,3.3,50.0,628.0,0.058,64.0,46.0,142.26
327,23,25.1,0.0,1.5,53.0,2000.0,0.031,30.0,19.0,246.23
330,2,20.1,0.0,1.5,74.0,1219.0,0.033,30.0,19.0,35.7
332,15,27.8,0.0,2.2,26.0,2000.0,0.055,23.0,12.0,186.38
333,4,18.3,0.0,1.0,46.0,2000.0,0.044,21.0,15.0,17.85
338,11,27.5,0.0,1.9,42.0,1445.0,0.026,58.0,39.0,103.05
341,9,18.9,0.0,1.2,78.0,292.0,0.046,61.0,49.0,111.52
345,21,23.7,1.0,2.3,72.0,856.0,0.032,45.0,31.0,211.3
348,23,17.5,0.0,3.9,83.0,1884.0,0.032,26.0,20.0,114.15
349,2,22.3,0.0,2.1,42.0,2000.0,0.041,28.0,16.0,45.48
350,9,21.4,0.0,1.3,35.0,2000.0,0.025,30.0,15.0,115.13
352,1,19.2,0.0,1.4,80.0,1085.0,0.0,0.0,0.0,55.47
355,4,15.5,0.0,2.3,86.0,798.0,0.048,24.0,21.0,15.53
356,15,25.5,0.0,3.6,40.0,1404.0,0.077,0.0,0.0,224.2
358,1,23.6,0.0,0.9,83.0,466.0,0.0,0.0,0.0,59.92
363,13,28.5,0.0,1.3,48.0,1853.0,0.04,25.0,19.0,135.35
369,14,28.6,0.0,3.6,40.0,1675.0,0.063,44.0,27.0,167.29
371,5,18.1,0.0,3.0,76.0,403.0,0.055,52.0,41.0,19.87
372,14,29.8,0.0,3.1,42.0,1126.0,0.059,42.0,30.0,139.99
375,20,27.5,0.0,2.4,32.0,2000.0,0.048,35.0,24.0,306.47
380,13,29.6,0.0,3.1,49.0,870.0,0.041,34.0,29.0,129.01
388,2,18.2,0.0,3.0,39.0,2000.0,0.032,21.0,10.0,44.87
391,15,29.0,0.0,2.9,49.0,1776.0,0.052,0.0,0.0,137.52
392,19,25.5,0.0,2.7,71.0,1248.0,0.056,28.0,22.0,266.21
393,18,28.5,0.0,3.9,37.0,1955.0,0.069,42.0,23.0,374.8
394,8,20.0,0.0,0.8,65.0,652.0,0.017,44.0,28.0,194.26
396,3,19.7,0.0,0.6,69.0,1626.0,0.017,36.0,25.0,28.41
401,6,17.8,0.0,1.3,86.0,788.0,0.026,35.0,20.0,38.29
407,0,17.3,0.0,3.5,82.0,2000.0,0.043,23.0,17.0,110.95
409,0,21.1,0.0,1.9,26.0,2000.0,0.045,43.0,18.0,86.87
410,9,25.3,0.0,1.2,54.0,1349.0,0.012,28.0,20.0,114.81
416,16,18.1,0.0,2.5,92.0,720.0,0.02,30.0,23.0,96.03
418,9,20.6,0.0,2.3,43.0,2000.0,0.041,21.0,13.0,117.86
420,13,27.5,0.0,3.3,26.0,2000.0,0.048,28.0,16.0,157.7
421,15,32.1,0.0,1.9,34.0,977.0,0.119,61.0,42.0,231.37
422,14,29.2,0.0,3.0,50.0,1800.0,0.045,24.0,20.0,133.37
424,19,25.6,0.0,4.3,21.0,2000.0,0.051,24.0,14.0,288.79
428,18,28.0,0.0,3.2,64.0,842.0,0.068,47.0,37.0,337.01
429,17,31.1,0.0,2.9,45.0,718.0,0.094,63.0,51.0,218.79
431,22,22.5,0.0,1.8,85.0,1111.0,0.03,29.0,26.0,157.35
435,4,15.8,1.0,2.2,100.0,188.0,0.036,9.0,9.0,12.93
439,9,19.6,0.0,0.8,37.0,2000.0,0.028,31.0,15.0,110.02
441,5,21.3,1.0,2.1,87.0,187.0,0.036,25.0,21.0,13.02
447,0,24.2,0.0,1.2,70.0,1050.0,0.036,27.0,22.0,94.52
449,15,30.3,0.0,1.7,45.0,805.0,0.067,42.0,32.0,136.39
451,15,30.0,0.0,4.5,47.0,1340.0,0.07,48.0,33.0,142.36
452,4,22.3,0.0,0.9,71.0,1423.0,0.006,30.0,23.0,17.06
454,20,22.1,0.0,4.9,68.0,567.0,0.075,53.0,42.0,203.3
458,17,31.7,0.0,3.0,40.0,565.0,0.125,91.0,63.0,218.0
463,13,28.1,0.0,2.0,35.0,1578.0,0.042,52.0,34.0,128.31
467,4,22.7,0.0,1.1,82.0,315.0,0.032,54.0,40.0,14.1
470,18,24.5,1.0,2.1,81.0,1020.0,0.059,26.0,21.0,255.27
471,14,23.3,0.0,1.3,40.0,2000.0,0.041,30.0,17.0,158.51
474,20,26.5,0.0,2.7,39.0,1945.0,0.058,42.0,30.0,288.23
478,4,23.1,0.0,1.7,61.0,1349.0,0.037,45.0,32.0,15.9
483,9,21.9,0.0,2.0,75.0,934.0,0.019,32.0,25.0,124.68
484,14,24.7,0.0,3.4,49.0,656.0,0.077,62.0,40.0,121.57
485,0,23.3,0.0,1.7,53.0,2000.0,0.003,34.0,24.0,84.49
486,12,27.4,0.0,2.4,36.0,1357.0,0.043,50.0,35.0,132.58
491,10,25.8,0.0,0.7,65.0,409.0,0.026,50.0,38.0,97.73
494,10,20.1,0.0,2.7,73.0,385.0,0.049,55.0,44.0,104.46
495,22,25.1,0.0,2.2,71.0,758.0,0.032,42.0,33.0,242.97
497,22,22.9,0.0,2.3,64.0,1291.0,0.022,40.0,30.0,207.02
499,16,30.7,0.0,3.7,45.0,1070.0,0.062,44.0,34.0,154.1
515,12,23.0,0.0,3.1,58.0,1369.0,0.034,37.0,21.0,113.6
518,22,21.1,0.0,4.0,57.0,1935.0,0.035,35.0,22.0,215.69
521,8,18.3,0.0,1.7,44.0,2000.0,0.016,26.0,15.0,170.48
525,13,31.6,0.0,1.2,28.0,1703.0,0.06,0.0,29.0,175.41
529,17,26.7,0.0,4.1,40.0,1980.0,0.061,42.0,27.0,245.03
532,13,27.7,0.0,1.5,43.0,1973.0,0.018,35.0,23.0,150.71
534,0,21.9,0.0,2.1,79.0,1808.0,0.038,20.0,15.0,110.93
540,0,19.0,0.0,2.8,38.0,2000.0,0.029,21.0,10.0,112.86
544,19,27.2,0.0,2.1,18.0,2000.0,0.047,21.0,8.0,303.17
547,15,25.6,0.0,2.0,21.0,2000.0,0.046,34.0,9.0,158.5
549,2,19.4,0.0,3.8,32.0,2000.0,0.037,41.0,18.0,44.29
563,2,21.1,0.0,1.1,75.0,637.0,0.039,55.0,33.0,35.5
564,14,30.8,0.0,3.0,32.0,1536.0,0.063,54.0,36.0,138.34
567,9,23.7,0.0,0.9,72.0,543.0,0.016,34.0,29.0,123.45
572,12,27.2,0.0,2.4,57.0,658.0,0.046,44.0,38.0,107.39
577,14,27.9,0.0,2.6,52.0,740.0,0.075,42.0,34.0,128.7
578,17,27.8,0.0,4.4,24.0,2000.0,0.058,25.0,14.0,264.88
585,18,29.0,0.0,3.5,49.0,1167.0,0.054,43.0,36.0,343.14
588,15,30.2,0.0,3.4,46.0,909.0,0.064,50.0,38.0,139.51
589,13,29.1,0.0,2.6,55.0,571.0,0.046,53.0,41.0,124.63
590,11,21.3,0.0,2.8,43.0,1926.0,0.033,34.0,17.0,110.28
592,5,22.5,0.0,0.9,82.0,496.0,0.024,33.0,27.0,17.24
594,18,23.6,1.0,3.3,80.0,1221.0,0.059,26.0,20.0,227.01
596,5,20.6,0.0,1.1,82.0,983.0,0.033,28.0,23.0,14.03
598,18,29.5,0.0,3.5,53.0,715.0,0.076,54.0,45.0,341.69
599,12,26.9,0.0,2.5,26.0,1922.0,0.043,24.0,16.0,147.67
605,6,20.9,0.0,1.7,83.0,1421.0,0.034,20.0,17.0,34.7
606,12,27.4,0.0,0.9,54.0,1645.0,0.031,27.0,17.0,132.68
607,21,25.1,0.0,3.4,68.0,1178.0,0.039,35.0,26.0,260.94
608,22,20.9,0.0,3.3,42.0,2000.0,0.043,24.0,15.0,232.32
609,1,18.6,0.0,2.4,37.0,2000.0,0.0,0.0,0.0,64.25
610,19,25.2,0.0,4.1,46.0,1988.0,0.046,40.0,21.0,289.19
611,8,21.7,0.0,2.2,77.0,1753.0,0.022,20.0,15.0,182.65
614,15,25.2,0.0,3.7,50.0,1719.0,0.0,32.0,21.0,134.58
615,20,21.6,0.0,4.1,67.0,1967.0,0.033,28.0,16.0,202.43
616,22,25.0,0.0,2.4,54.0,1659.0,0.057,53.0,35.0,239.97
617,13,24.6,0.0,3.1,50.0,1669.0,0.052,38.0,25.0,126.28
618,19,23.1,0.0,4.3,51.0,1039.0,0.062,36.0,28.0,247.21
624,9,22.8,0.0,2.2,69.0,812.0,0.025,32.0,24.0,117.76
629,13,29.6,0.0,2.6,32.0,1818.0,0.046,59.0,36.0,143.36
631,0,25.1,0.0,3.0,47.0,1984.0,0.032,43.0,27.0,95.67
633,7,22.0,0.0,1.3,80.0,545.0,0.015,37.0,30.0,94.28
637,3,21.7,0.0,2.4,79.0,1535.0,0.031,26.0,22.0,24.3
638,11,26.0,0.0,2.0,57.0,781.0,0.019,33.0,26.0,110.11
643,1,16.8,0.0,3.6,83.0,1839.0,0.0,0.0,0.0,68.83
644,23,20.6,0.0,2.6,63.0,1678.0,0.03,42.0,22.0,136.95
645,2,21.5,0.0,0.9,75.0,1317.0,0.019,31.0,24.0,34.15
646,21,20.7,0.0,3.1,60.0,1121.0,0.057,33.0,29.0,218.57
648,17,21.5,0.0,3.4,54.0,1937.0,0.04,25.0,17.0,189.93
650,6,18.3,0.0,1.1,65.0,2000.0,0.024,28.0,15.0,38.47
651,8,22.1,0.0,1.3,72.0,803.0,0.028,32.0,23.0,205.98
652,23,25.6,0.0,3.9,42.0,2000.0,0.032,42.0,32.0,277.07
656,23,19.7,0.0,1.5,77.0,1621.0,0.027,31.0,17.0,100.94
657,5,22.8,0.0,1.8,60.0,1225.0,0.026,52.0,37.0,18.44
659,7,18.3,0.0,2.5,77.0,331.0,0.061,53.0,39.0,84.74
660,17,23.3,0.0,4.4,61.0,739.0,0.073,54.0,40.0,215.76
662,10,25.9,0.0,1.5,41.0,1542.0,0.015,41.0,30.0,101.77
665,18,27.9,0.0,4.3,41.0,1954.0,0.078,45.0,30.0,376.79
675,19,29.0,0.0,4.0,38.0,1959.0,0.053,0.0,0.0,316.62
681,23,19.1,0.0,1.0,59.0,2000.0,0.027,35.0,18.0,170.36
682,17,25.9,0.0,4.3,58.0,1794.0,0.026,46.0,28.0,220.46
685,5,15.6,0.0,0.5,46.0,2000.0,0.003,24.0,13.0,19.78
686,14,26.8,0.0,4.5,22.0,2000.0,0.062,28.0,17.0,227.72
689,3,21.3,0.0,1.7,77.0,1247.0,0.024,30.0,24.0,24.82
696,13,23.0,0.0,3.2,26.0,2000.0,0.037,45.0,13.0,142.85
703,23,22.3,0.0,2.3,67.0,1236.0,0.021,33.0,27.0,142.31
704,10,24.8,0.0,1.4,69.0,538.0,0.033,43.0,35.0,98.21
705,22,20.0,0.0,2.3,78.0,1753.0,0.027,31.0,17.0,114.92
714,21,21.1,0.0,2.9,43.0,2000.0,0.042,28.0,18.0,233.04
717,7,18.7,0.0,1.2,74.0,824.0,0.014,38.0,24.0,104.45
718,4,23.0,0.0,1.7,80.0,577.0,0.021,31.0,24.0,14.92
720,7,15.8,0.0,1.6,54.0,2000.0,0.033,23.0,15.0,86.21
721,17,29.6,0.0,3.7,31.0,1584.0,0.098,47.0,35.0,261.21
723,21,21.0,0.0,3.5,32.0,2000.0,0.028,28.0,12.0,240.11
726,8,22.4,0.0,1.0,80.0,473.0,0.016,34.0,29.0,191.39
728,14,29.1,0.0,2.4,44.0,664.0,0.047,51.0,35.0,151.44
730,8,21.3,0.0,1.6,60.0,902.0,0.049,44.0,30.0,190.82
731,3,22.8,0.0,1.1,67.0,1637.0,0.0069999999999999,29.0,22.0,28.86
734,18,27.3,0.0,3.2,16.0,2000.0,0.047,18.0,8.0,344.48
737,0,21.4,0.0,2.5,84.0,1163.0,0.019,29.0,22.0,78.98
738,4,17.2,0.0,2.4,49.0,2000.0,0.031,24.0,12.0,18.02
745,16,30.0,0.0,3.4,51.0,911.0,0.057,28.0,20.0,160.39
746,3,23.5,0.0,1.1,77.0,581.0,0.008,37.0,28.0,26.94
749,20,22.0,0.0,3.6,52.0,1895.0,0.06,33.0,26.0,239.47
752,3,21.2,0.0,1.6,80.0,684.0,0.026,32.0,26.0,24.83
753,8,21.6,0.0,0.4,86.0,396.0,0.011,41.0,30.0,168.8
758,20,22.0,0.0,2.6,35.0,2000.0,0.036,32.0,14.0,245.6
765,5,22.7,0.0,2.6,81.0,445.0,0.04,33.0,25.0,17.33
766,17,29.3,0.0,3.1,41.0,934.0,0.098,67.0,46.0,225.3
768,0,22.1,0.0,2.3,68.0,1203.0,0.02,35.0,27.0,85.7
769,16,26.8,0.0,2.1,18.0,1997.0,0.046,30.0,10.0,174.45
774,14,26.6,0.0,4.4,50.0,1833.0,0.052,40.0,29.0,128.88
775,10,19.3,0.0,3.6,48.0,1949.0,0.029,32.0,16.0,110.66
781,1,20.1,0.0,3.1,81.0,266.0,0.0,0.0,0.0,55.34
784,19,27.4,0.0,3.4,45.0,1857.0,0.066,46.0,26.0,329.58
794,4,24.1,0.0,1.5,52.0,2000.0,0.011,30.0,24.0,18.9
795,20,25.3,0.0,5.4,30.0,1975.0,0.042,47.0,19.0,278.94
796,0,23.5,0.0,1.1,66.0,1618.0,0.011,28.0,20.0,84.43
802,22,22.9,1.0,1.1,85.0,564.0,0.022,45.0,28.0,159.93
803,8,21.3,0.0,1.3,52.0,1843.0,0.0069999999999999,37.0,24.0,221.94
805,2,21.3,0.0,2.1,81.0,621.0,0.024,33.0,27.0,32.58
806,21,26.4,0.0,2.7,35.0,2000.0,0.041,49.0,36.0,286.98
807,10,24.4,0.0,1.5,56.0,1073.0,0.025,33.0,24.0,104.27
809,5,17.9,0.0,1.2,86.0,816.0,0.027,31.0,20.0,15.74
810,16,26.9,0.0,5.1,46.0,1787.0,0.046,33.0,23.0,157.78
812,8,20.9,0.0,1.3,80.0,731.0,0.021,30.0,25.0,203.07
814,9,22.6,0.0,2.0,64.0,749.0,0.029,49.0,27.0,118.89
818,20,23.9,0.0,3.4,45.0,1957.0,0.061,43.0,26.0,252.87
819,14,31.7,0.0,3.6,28.0,1480.0,0.068,49.0,31.0,132.06
825,0,14.8,1.0,2.8,97.0,356.0,0.036,12.0,11.0,75.39
836,12,18.9,0.0,2.1,98.0,203.0,0.012,28.0,19.0,120.01
839,13,25.7,0.0,3.9,52.0,1293.0,0.045,41.0,28.0,119.55
847,21,24.9,0.0,3.3,34.0,2000.0,0.04,33.0,16.0,258.16
848,8,20.4,0.0,2.1,89.0,978.0,0.025,23.0,17.0,174.7
851,14,28.8,0.0,2.4,51.0,757.0,0.063,46.0,38.0,119.55
852,12,26.0,0.0,2.3,26.0,2000.0,0.034,28.0,13.0,134.81
853,6,20.6,1.0,1.9,91.0,430.0,0.031,24.0,21.0,32.77
857,14,24.3,0.0,3.9,23.0,2000.0,0.046,27.0,14.0,141.22
858,2,24.1,0.0,2.7,56.0,1565.0,0.035,46.0,33.0,41.17
859,21,23.8,0.0,3.7,57.0,1645.0,0.026,42.0,32.0,231.86
861,2,15.3,1.0,2.5,100.0,237.0,0.036,9.0,9.0,23.25
867,11,25.1,0.0,2.9,50.0,874.0,0.07,49.0,35.0,102.55
870,20,24.2,0.0,3.6,80.0,958.0,0.052,30.0,25.0,232.01
871,23,23.8,0.0,2.4,40.0,2000.0,0.022,42.0,30.0,212.6
872,15,33.8,0.0,1.7,27.0,1900.0,0.085,37.0,24.0,222.86
874,18,30.1,0.0,1.3,19.0,1949.0,0.085,25.0,18.0,362.61
881,15,28.0,0.0,4.1,19.0,1989.0,0.056,25.0,10.0,189.73
886,12,22.8,0.0,3.8,23.0,2000.0,0.039,21.0,11.0,131.88
890,1,20.9,0.0,0.4,73.0,1218.0,0.0,0.0,0.0,61.17
895,12,25.1,0.0,3.5,25.0,2000.0,0.055,22.0,13.0,167.62
899,0,23.3,0.0,1.4,56.0,1507.0,0.042,47.0,29.0,90.08
900,20,25.1,0.0,4.7,53.0,2000.0,0.05,38.0,24.0,276.58
901,21,23.7,0.0,4.3,25.0,2000.0,0.04,50.0,19.0,263.31
902,16,27.3,0.0,2.1,27.0,1975.0,0.065,23.0,12.0,243.73
903,6,20.1,0.0,0.7,58.0,2000.0,0.012,35.0,24.0,41.26
913,21,23.7,0.0,3.5,22.0,2000.0,0.038,23.0,13.0,265.69
918,23,22.8,0.0,3.8,40.0,2000.0,0.038,25.0,11.0,198.63
923,21,20.2,0.0,3.7,74.0,1812.0,0.028,33.0,17.0,105.17
924,2,21.7,0.0,1.7,79.0,1555.0,0.022,28.0,21.0,35.88
926,3,19.2,0.0,0.3,66.0,1798.0,0.03,31.0,21.0,26.94
927,5,16.9,0.0,2.3,51.0,2000.0,0.031,25.0,13.0,18.69
930,20,24.3,0.0,2.6,66.0,926.0,0.034,46.0,29.0,225.12
934,2,18.9,0.0,2.2,83.0,791.0,0.021,33.0,19.0,32.01
937,23,22.1,0.0,1.5,80.0,1563.0,0.033,21.0,19.0,115.87
939,19,18.7,0.0,3.3,81.0,1637.0,0.028,24.0,16.0,145.66
941,7,17.0,0.0,2.8,51.0,2000.0,0.037,22.0,11.0,91.22
942,18,29.5,0.0,3.8,31.0,1951.0,0.069,39.0,27.0,378.33
946,20,26.6,0.0,3.1,56.0,1174.0,0.041,42.0,33.0,280.36
950,10,24.4,0.0,2.0,58.0,869.0,0.04,45.0,28.0,98.16
953,9,17.1,0.0,2.4,77.0,416.0,0.053,53.0,36.0,92.87
959,11,18.4,1.0,0.7,100.0,238.0,0.009,17.0,14.0,104.61
961,3,18.3,0.0,1.4,86.0,861.0,0.024,32.0,18.0,26.9
962,7,21.1,0.0,1.6,80.0,1722.0,0.031,21.0,14.0,99.88
964,19,17.4,1.0,1.5,80.0,1136.0,0.041,22.0,18.0,84.07
969,21,21.5,0.0,4.0,71.0,499.0,0.066,58.0,44.0,180.8
971,12,22.3,0.0,5.0,36.0,1938.0,0.039,35.0,17.0,149.19
976,6,18.7,0.0,0.8,72.0,1126.0,0.017,37.0,22.0,42.19
978,20,22.6,0.0,3.2,35.0,2000.0,0.046,30.0,14.0,261.72
980,23,25.2,0.0,2.2,60.0,1561.0,0.033,30.0,26.0,249.49
981,14,25.9,0.0,3.5,45.0,1376.0,0.065,39.0,25.0,142.93
990,18,29.0,0.0,3.7,35.0,1833.0,0.049,47.0,33.0,371.23
993,5,18.9,0.0,0.8,69.0,1509.0,0.018,36.0,22.0,18.49
996,5,20.4,0.0,0.3,62.0,2000.0,0.018,31.0,23.0,20.58
998,19,29.6,0.0,4.1,49.0,983.0,0.075,55.0,45.0,323.54
999,15,25.1,0.0,4.4,27.0,2000.0,0.05,33.0,15.0,181.03
1006,11,25.3,0.0,1.7,30.0,1985.0,0.039,24.0,16.0,124.42
1008,5,22.4,0.0,1.9,83.0,327.0,0.037,53.0,40.0,14.47
1013,6,16.2,0.0,2.7,52.0,2000.0,0.032,25.0,13.0,30.14
1015,10,23.6,0.0,1.3,57.0,580.0,0.021,51.0,39.0,100.56
1016,12,28.4,0.0,3.0,55.0,656.0,0.036,50.0,36.0,118.33
1022,19,27.0,0.0,5.3,49.0,1576.0,0.039,48.0,32.0,309.17
1026,22,24.6,0.0,1.6,68.0,1426.0,0.036,30.0,24.0,223.05
1028,17,29.6,0.0,4.1,44.0,1755.0,0.067,40.0,27.0,233.58
1031,7,17.7,1.0,2.6,84.0,279.0,0.057,80.0,55.0,66.43
1034,1,23.7,0.0,2.0,78.0,332.0,0.0,0.0,0.0,54.64
1037,16,29.7,0.0,2.4,44.0,1942.0,0.063,27.0,22.0,186.13
1040,1,24.7,0.0,1.7,48.0,1864.0,0.0,0.0,0.0,63.88
1042,5,18.7,0.0,1.3,64.0,2000.0,0.027,25.0,16.0,19.67
1046,5,23.3,0.0,1.8,57.0,2000.0,0.014,29.0,24.0,18.7
1048,10,23.2,0.0,1.8,66.0,1339.0,0.022,32.0,24.0,100.2
1049,11,25.8,0.0,2.2,43.0,1774.0,0.052,34.0,24.0,117.42
1050,1,19.5,0.0,2.6,42.0,2000.0,0.0,0.0,0.0,65.85
1051,15,29.6,0.0,3.5,34.0,1200.0,0.077,63.0,41.0,225.75
1052,22,25.0,0.0,1.3,44.0,2000.0,0.022,34.0,22.0,242.36
1055,8,22.6,0.0,1.4,65.0,909.0,0.017,56.0,42.0,192.46
1060,13,24.0,0.0,3.8,31.0,1960.0,0.045,37.0,17.0,165.21
1064,3,24.3,0.0,1.6,48.0,2000.0,0.008,32.0,23.0,27.68
1066,7,18.0,0.0,1.8,85.0,399.0,0.031,35.0,24.0,76.93
1071,11,28.5,0.0,2.6,46.0,1238.0,0.018,39.0,25.0,101.13
1073,4,20.9,0.0,2.4,81.0,1150.0,0.03,29.0,22.0,13.9
1089,14,30.3,0.0,2.8,38.0,947.0,0.097,62.0,40.0,211.36
1091,12,22.0,0.0,3.5,65.0,536.0,0.057,57.0,39.0,96.08
1092,7,15.2,0.0,0.5,54.0,2000.0,0.028,34.0,18.0,77.0
1093,22,22.8,0.0,3.2,26.0,2000.0,0.036,49.0,17.0,239.61
1096,19,27.7,0.0,3.7,52.0,1270.0,0.046,40.0,31.0,314.11
1097,22,22.8,0.0,2.9,65.0,1156.0,0.054,48.0,26.0,229.73
1098,4,16.4,0.0,1.6,59.0,2000.0,0.038,32.0,18.0,17.61
1099,2,23.3,0.0,3.3,79.0,338.0,0.028,58.0,43.0,42.31
1102,15,31.5,0.0,3.5,32.0,1737.0,0.07,54.0,38.0,186.14
1107,7,21.6,0.0,1.2,76.0,771.0,0.029,34.0,26.0,107.16
1109,6,21.5,0.0,1.0,74.0,1309.0,0.013,30.0,20.0,42.5
1111,8,18.3,1.0,3.3,81.0,261.0,0.054,59.0,44.0,131.67
1112,10,23.7,0.0,2.1,32.0,2000.0,0.034,30.0,16.0,119.17
1114,20,28.0,0.0,2.8,20.0,2000.0,0.077,27.0,19.0,305.75
1116,21,26.4,0.0,3.1,43.0,1653.0,0.065,61.0,40.0,292.89
1117,13,28.5,0.0,2.1,53.0,693.0,0.052,48.0,39.0,121.05
1118,7,20.1,0.0,2.3,79.0,481.0,0.025,56.0,31.0,78.2
1122,14,25.2,0.0,4.2,48.0,1809.0,0.0,29.0,13.0,138.15
1124,14,26.5,0.0,2.0,28.0,2000.0,0.051,25.0,9.0,159.79
1127,9,23.0,0.0,0.6,75.0,614.0,0.029,31.0,24.0,123.25
1133,17,30.5,0.0,2.8,51.0,682.0,0.088,59.0,45.0,219.24
1134,2,21.8,0.0,1.3,79.0,1709.0,0.036,20.0,13.0,38.62
1135,21,22.5,0.0,1.6,86.0,1499.0,0.02,21.0,19.0,129.33
1139,20,27.5,0.0,3.8,58.0,1088.0,0.049,40.0,32.0,306.33
1143,1,21.7,0.0,2.8,77.0,1829.0,0.0,0.0,0.0,57.01
1150,9,20.6,0.0,1.2,71.0,924.0,0.023,39.0,25.0,118.56
1151,10,22.0,0.0,1.7,30.0,2000.0,0.037,31.0,14.0,115.18
1153,21,25.8,0.0,3.4,51.0,2000.0,0.032,27.0,23.0,275.05
1155,3,21.4,0.0,0.4,64.0,2000.0,0.008,38.0,25.0,27.18
1162,3,18.0,0.0,2.1,51.0,2000.0,0.042,40.0,18.0,28.42
1163,21,21.4,0.0,3.8,58.0,1824.0,0.045,40.0,22.0,212.83
1166,3,15.5,1.0,2.4,100.0,318.0,0.037,9.0,9.0,20.74
1171,0,22.9,0.0,0.9,40.0,2000.0,0.016,41.0,29.0,86.66
1172,4,20.4,0.0,0.7,78.0,570.0,0.035,51.0,31.0,15.52
1173,22,23.7,0.0,2.8,34.0,2000.0,0.038,28.0,12.0,255.51
1174,7,22.3,0.0,1.4,63.0,913.0,0.015,53.0,40.0,72.11
1177,9,18.8,0.0,2.5,35.0,2000.0,0.032,21.0,13.0,118.33
1178,19,23.0,1.0,0.4,89.0,1110.0,0.04,25.0,20.0,158.83
1184,8,22.8,0.0,0.9,77.0,377.0,0.036,48.0,36.0,182.42
1185,10,25.9,0.0,1.1,47.0,2000.0,0.013,29.0,21.0,113.51
1186,9,20.8,0.0,2.1,84.0,1310.0,0.024,27.0,21.0,117.64
1187,15,29.0,0.0,3.7,35.0,1950.0,0.062,45.0,27.0,168.66
1188,21,26.2,0.0,2.3,30.0,2000.0,0.046,28.0,20.0,284.67
1191,13,26.1,0.0,2.6,30.0,2000.0,0.044,25.0,10.0,138.5
1207,12,20.9,0.0,2.1,43.0,1566.0,0.025,45.0,18.0,124.16
1213,2,20.0,0.0,3.4,42.0,2000.0,0.041,23.0,11.0,45.71
1215,12,30.1,0.0,1.2,40.0,1214.0,0.033,44.0,27.0,129.49
1223,16,30.1,0.0,3.3,44.0,1419.0,0.068,44.0,31.0,159.88
1227,11,21.3,0.0,3.0,28.0,2000.0,0.037,24.0,12.0,117.92
1236,1,21.6,0.0,2.6,81.0,1340.0,0.0,0.0,0.0,55.98
1237,1,18.8,0.0,0.9,72.0,503.0,0.0,0.0,0.0,59.71
1238,5,20.4,0.0,2.2,44.0,2000.0,0.047,19.0,15.0,18.4
1241,3,21.3,0.0,0.9,91.0,406.0,0.017,34.0,28.0,27.99
1248,4,18.3,0.0,2.0,50.0,2000.0,0.042,23.0,12.0,17.39
1250,6,18.1,0.0,0.9,75.0,404.0,0.064,45.0,36.0,37.74
1251,13,28.8,0.0,3.5,32.0,1757.0,0.067,39.0,25.0,169.7
1253,9,21.8,0.0,1.5,61.0,698.0,0.022,45.0,26.0,114.8
1255,10,23.8,0.0,2.3,51.0,881.0,0.037,41.0,26.0,101.81
1257,16,31.3,0.0,3.3,44.0,620.0,0.089,65.0,50.0,160.67
1261,9,22.6,0.0,1.7,58.0,789.0,0.059,47.0,31.0,115.51
1262,18,28.6,0.0,3.9,39.0,1274.0,0.09,64.0,44.0,351.77
1265,14,24.2,0.0,3.9,52.0,981.0,0.072,46.0,33.0,126.33
1273,23,21.9,0.0,3.9,26.0,2000.0,0.038,39.0,16.0,178.18
1277,22,25.9,0.0,2.7,68.0,521.0,0.043,54.0,41.0,268.86
1278,12,23.9,0.0,3.5,74.0,1305.0,0.031,26.0,16.0,115.55
1280,9,21.7,0.0,1.1,71.0,306.0,0.017,54.0,43.0,111.73
1284,19,24.7,0.0,0.3,64.0,857.0,0.024,43.0,27.0,223.33
1285,19,29.2,0.0,5.3,44.0,1992.0,0.049,51.0,32.0,334.93
1288,6,20.9,0.0,1.7,57.0,1234.0,0.045,40.0,29.0,31.9
1295,11,21.9,0.0,1.7,40.0,2000.0,0.029,23.0,16.0,114.06
1297,18,31.2,0.0,5.4,43.0,1274.0,0.084,57.0,40.0,365.96
1299,20,24.4,0.0,3.0,26.0,2000.0,0.044,23.0,12.0,260.26
1304,23,22.0,0.0,2.3,68.0,1061.0,0.06,50.0,29.0,146.14
1308,2,22.1,0.0,1.1,64.0,1863.0,0.005,40.0,28.0,41.61
1310,11,22.7,0.0,2.6,62.0,793.0,0.028,43.0,26.0,97.45
1311,12,24.5,0.0,3.9,59.0,1374.0,0.036,34.0,27.0,113.15
1314,7,20.1,0.0,0.3,55.0,1989.0,0.005,34.0,25.0,92.89
1315,10,25.3,0.0,1.5,62.0,1395.0,0.022,20.0,14.0,111.98
1318,2,21.5,1.0,0.9,91.0,436.0,0.013,31.0,22.0,32.43
1320,19,29.6,0.0,3.3,28.0,2000.0,0.05,41.0,25.0,325.48
1321,20,27.0,0.0,2.8,42.0,1762.0,0.054,54.0,37.0,293.13
1322,19,23.2,0.0,4.8,62.0,700.0,0.07,52.0,36.0,245.0
1330,13,26.6,0.0,2.5,45.0,1310.0,0.055,48.0,26.0,115.43
1333,23,19.5,0.0,3.0,35.0,2000.0,0.03,23.0,10.0,170.38
1334,17,25.2,0.0,2.7,68.0,1532.0,0.061,31.0,25.0,234.94
1341,15,25.4,0.0,4.9,52.0,855.0,0.075,47.0,31.0,124.66
1344,22,17.9,0.0,2.9,80.0,1937.0,0.03,26.0,20.0,137.46
1351,17,25.2,0.0,4.8,51.0,1969.0,0.053,33.0,20.0,242.61
1354,11,21.1,1.0,2.3,92.0,742.0,0.017,29.0,20.0,105.02
1356,1,23.2,0.0,1.5,65.0,1734.0,0.0,0.0,0.0,56.69
1363,11,24.3,0.0,0.9,30.0,2000.0,0.033,23.0,10.0,119.99
1365,23,24.6,0.0,1.9,70.0,701.0,0.027,43.0,32.0,205.85
1369,13,24.6,0.0,3.7,49.0,1726.0,0.042,36.0,21.0,125.94
1373,9,23.8,0.0,0.9,69.0,469.0,0.031,47.0,38.0,114.93
1375,11,26.8,0.0,0.3,44.0,1960.0,0.014,32.0,23.0,110.32
1377,0,21.7,0.0,1.5,70.0,871.0,0.058,50.0,30.0,86.75
1379,15,26.2,0.0,5.7,50.0,1714.0,0.049,34.0,25.0,131.51
1380,21,26.8,0.0,3.2,55.0,806.0,0.046,52.0,41.0,281.38
1381,10,20.8,0.0,3.2,72.0,581.0,0.026,39.0,25.0,96.62
1384,16,22.9,0.0,2.8,40.0,2000.0,0.041,25.0,16.0,184.44
1390,16,26.8,0.0,4.2,42.0,1660.0,0.064,41.0,25.0,176.84
1393,21,22.2,0.0,3.1,33.0,2000.0,0.046,21.0,15.0,242.14
1395,1,21.4,0.0,1.8,74.0,1300.0,0.0,0.0,0.0,55.67
1399,18,26.1,0.0,4.6,42.0,1976.0,0.047,41.0,24.0,331.39
1400,10,18.4,0.0,2.6,74.0,403.0,0.058,50.0,37.0,93.77
1401,8,18.1,0.0,3.9,46.0,2000.0,0.035,20.0,9.0,172.34
1404,13,26.4,0.0,4.5,23.0,2000.0,0.058,24.0,13.0,177.78
1408,4,21.1,0.0,1.4,83.0,1531.0,0.044,14.0,10.0,13.53
1409,6,16.3,1.0,1.6,100.0,377.0,0.034,10.0,8.0,29.29
1413,21,23.8,0.0,2.3,63.0,1396.0,0.049,50.0,29.0,225.31
1416,20,26.1,0.0,2.9,51.0,1825.0,0.058,48.0,28.0,282.96
1418,10,24.3,0.0,0.5,66.0,786.0,0.036,30.0,25.0,104.99
1423,7,21.3,0.0,0.8,74.0,1248.0,0.006,32.0,21.0,108.75
1424,3,20.6,0.0,0.2,71.0,707.0,0.025,46.0,36.0,26.49
1425,4,21.2,0.0,1.1,90.0,359.0,0.006,34.0,28.0,15.67
1433,16,29.7,0.0,2.3,20.0,1985.0,0.076,23.0,18.0,252.26
1434,13,23.6,0.0,3.5,27.0,2000.0,0.04,27.0,14.0,143.68
1436,18,26.6,0.0,5.0,42.0,2000.0,0.044,33.0,22.0,332.75
1442,22,25.6,0.0,2.1,65.0,1166.0,0.036,32.0,27.0,252.81
1444,0,21.1,0.0,1.4,63.0,1895.0,0.041,32.0,21.0,85.18
1445,23,21.8,0.0,2.1,85.0,1119.0,0.021,28.0,23.0,103.99
1452,15,28.5,0.0,3.4,38.0,1042.0,0.104,61.0,44.0,240.73
1455,23,20.9,0.0,2.0,35.0,2000.0,0.023,29.0,14.0,158.16
1462,1,20.9,0.0,2.5,41.0,2000.0,0.0,0.0,0.0,66.2
1467,7,16.7,1.0,1.4,100.0,171.0,0.031,11.0,12.0,75.44
1472,2,24.0,0.0,0.5,56.0,2000.0,0.003,32.0,24.0,43.57
1475,8,20.1,0.0,1.6,45.0,2000.0,0.042,22.0,16.0,188.18
1493,12,26.2,0.0,2.0,61.0,636.0,0.051,32.0,26.0,111.54
1501,21,21.8,0.0,4.2,55.0,2000.0,0.042,35.0,23.0,226.23
1503,19,25.9,0.0,4.1,41.0,1797.0,0.064,40.0,23.0,306.12
1504,17,29.7,0.0,3.2,34.0,1950.0,0.067,46.0,32.0,213.26
1505,4,18.5,0.0,1.0,78.0,822.0,0.039,41.0,24.0,15.45
1511,15,29.3,0.0,2.6,22.0,2000.0,0.071,25.0,17.0,224.33
1512,1,21.4,0.0,1.1,73.0,713.0,0.0,0.0,0.0,58.49
1513,13,23.3,0.0,4.7,57.0,726.0,0.065,50.0,38.0,81.87
1514,6,20.0,0.0,1.6,45.0,2000.0,0.048,19.0,15.0,34.9
1528,16,29.2,0.0,3.1,33.0,1361.0,0.107,57.0,41.0,249.39
1533,17,30.4,0.0,4.2,33.0,1949.0,0.07,38.0,24.0,241.06
1534,3,17.2,0.0,1.5,55.0,2000.0,0.041,32.0,19.0,28.57
1536,23,22.2,0.0,2.3,61.0,1270.0,0.034,52.0,38.0,150.59
1537,7,14.9,0.0,0.5,53.0,2000.0,0.008,22.0,14.0,83.65
1539,18,24.3,1.0,0.9,70.0,742.0,0.026,40.0,28.0,235.12
1550,23,24.8,0.0,1.7,73.0,392.0,0.042,55.0,44.0,222.76
1552,22,19.8,0.0,3.1,53.0,2000.0,0.036,28.0,18.0,210.93
1554,23,24.0,0.0,1.8,59.0,1977.0,0.019,25.0,21.0,208.37
1555,18,27.6,0.0,3.8,35.0,1839.0,0.06,37.0,19.0,370.18
1556,10,20.2,1.0,2.0,91.0,126.0,0.019,28.0,25.0,100.35
1559,6,18.1,0.0,1.5,86.0,491.0,0.031,37.0,22.0,34.57
1563,17,28.6,0.0,2.3,50.0,1994.0,0.065,27.0,20.0,249.09
1566,15,29.6,0.0,3.2,50.0,745.0,0.073,41.0,32.0,141.62
1567,20,22.9,1.0,1.1,87.0,1195.0,0.034,22.0,17.0,158.69
1568,3,21.3,0.0,1.5,82.0,1790.0,0.043,15.0,14.0,26.42
1571,22,22.2,0.0,2.9,55.0,2000.0,0.044,31.0,23.0,228.91
1572,4,17.1,0.0,1.7,56.0,2000.0,0.046,37.0,18.0,17.59
1574,1,19.5,0.0,2.6,77.0,769.0,0.0,0.0,0.0,55.85
1577,5,21.3,0.0,1.1,56.0,1142.0,0.055,43.0,29.0,17.23
1583,14,18.9,1.0,2.4,95.0,270.0,0.02,35.0,28.0,67.52
1585,3,19.1,0.0,3.4,46.0,2000.0,0.041,22.0,13.0,32.01
1586,23,24.4,0.0,1.2,71.0,1123.0,0.041,28.0,21.0,200.55
1587,16,26.2,0.0,3.5,27.0,1992.0,0.049,32.0,15.0,183.27
1596,12,27.2,0.0,2.9,35.0,1604.0,0.059,35.0,22.0,159.19
1602,6,21.1,0.0,0.7,91.0,313.0,0.009,39.0,26.0,37.71
1604,7,22.5,0.0,1.3,81.0,358.0,0.033,49.0,37.0,77.33
1605,2,19.9,0.0,3.4,81.0,258.0,0.073,70.0,54.0,34.74
1610,20,28.1,0.0,3.6,47.0,1971.0,0.04,36.0,20.0,309.02
1611,11,21.9,0.0,4.3,65.0,475.0,0.053,51.0,41.0,98.07
1616,6,22.5,0.0,1.7,81.0,372.0,0.037,43.0,32.0,32.26
1617,11,27.1,0.0,1.5,58.0,584.0,0.031,52.0,38.0,100.01
1618,5,20.3,0.0,1.5,79.0,453.0,0.032,55.0,31.0,15.87
1622,2,17.5,0.0,0.8,48.0,2000.0,0.006,30.0,12.0,42.21
1623,2,19.1,0.0,1.9,79.0,708.0,0.031,44.0,25.0,33.3
1628,20,27.5,0.0,3.4,50.0,2000.0,0.041,28.0,21.0,312.24
1631,4,19.0,0.0,1.3,84.0,251.0,0.081,71.0,53.0,16.91
1632,14,28.0,0.0,2.8,21.0,2000.0,0.053,24.0,7.0,183.53
1633,20,23.9,0.0,3.2,49.0,1981.0,0.045,38.0,22.0,246.93
1634,19,29.1,0.0,3.9,49.0,952.0,0.089,84.0,57.0,318.37
1636,17,26.5,0.0,5.3,50.0,1811.0,0.043,33.0,22.0,232.35
1637,11,27.5,0.0,1.1,35.0,1706.0,0.027,40.0,28.0,102.99
1643,8,16.9,0.0,2.1,50.0,2000.0,0.025,22.0,14.0,123.76
1644,11,25.8,0.0,1.7,56.0,1031.0,0.029,32.0,23.0,106.63
1646,7,19.9,0.0,2.6,45.0,2000.0,0.046,19.0,16.0,99.44
1648,22,19.9,0.0,3.5,37.0,2000.0,0.028,24.0,13.0,220.4
1651,2,24.0,0.0,2.3,70.0,991.0,0.004,34.0,27.0,31.55
1656,4,16.2,0.0,0.5,43.0,2000.0,0.008,24.0,12.0,18.4
1658,13,23.0,0.0,1.7,39.0,2000.0,0.037,30.0,17.0,144.09
1659,5,16.5,0.0,0.9,56.0,2000.0,0.046,29.0,18.0,17.21
1665,8,22.7,0.0,1.2,79.0,341.0,0.033,50.0,41.0,174.63
1666,12,22.7,0.0,2.4,40.0,2000.0,0.036,26.0,15.0,142.77
1670,6,22.8,0.0,0.9,55.0,2000.0,0.024,24.0,18.0,42.41
1674,22,20.9,0.0,3.3,76.0,442.0,0.061,54.0,44.0,140.8
1679,16,31.4,0.0,2.9,31.0,1167.0,0.073,58.0,37.0,200.62
1680,17,30.3,0.0,3.3,48.0,990.0,0.06,44.0,33.0,221.51
1683,18,26.7,0.0,5.2,25.0,2000.0,0.057,25.0,14.0,331.82
1686,3,18.2,0.0,2.4,70.0,459.0,0.042,44.0,36.0,28.31
1691,11,25.5,0.0,1.9,64.0,574.0,0.044,44.0,39.0,100.66
1693,2,19.4,0.0,1.2,66.0,1800.0,0.033,33.0,20.0,37.53
1696,6,21.5,0.0,1.3,79.0,731.0,0.031,31.0,23.0,39.31
1697,10,24.3,0.0,1.9,70.0,600.0,0.014,36.0,31.0,100.23
1703,7,20.9,0.0,2.1,80.0,1041.0,0.032,30.0,23.0,97.38
1706,3,20.7,0.0,0.5,77.0,640.0,0.046,50.0,30.0,25.98
1709,15,26.6,0.0,3.5,42.0,1415.0,0.066,40.0,24.0,158.03
1710,0,24.8,0.0,1.4,59.0,1898.0,0.019,33.0,25.0,88.6
1712,16,25.5,0.0,4.6,45.0,1320.0,0.0819999999999999,0.0,0.0,193.91
1713,12,27.6,0.0,2.1,46.0,990.0,0.062,54.0,33.0,126.21
1718,18,30.7,0.0,3.9,48.0,764.0,0.09,63.0,51.0,342.26
1719,15,25.3,0.0,3.5,22.0,2000.0,0.051,25.0,11.0,168.26
1722,21,26.4,0.0,1.3,35.0,2000.0,0.039,34.0,20.0,284.62
1723,12,26.6,0.0,2.0,44.0,862.0,0.077,53.0,38.0,126.84
1724,22,25.9,0.0,4.0,39.0,2000.0,0.03,50.0,32.0,289.16
1728,7,15.8,0.0,2.1,87.0,281.0,0.043,49.0,37.0,64.32
1730,6,17.2,0.0,3.4,52.0,2000.0,0.041,20.0,11.0,30.79
1732,6,15.5,0.0,1.2,59.0,2000.0,0.031,35.0,18.0,28.42
1737,2,16.2,0.0,2.4,86.0,1243.0,0.047,21.0,16.0,38.32
1745,0,20.2,0.0,2.8,71.0,1064.0,0.028,44.0,24.0,87.44
1747,5,21.5,0.0,1.4,78.0,774.0,0.032,28.0,25.0,13.88
1748,4,21.6,0.0,2.3,78.0,1574.0,0.037,23.0,18.0,13.24
1755,12,22.0,0.0,3.6,63.0,363.0,0.052,64.0,43.0,108.15
1759,4,21.7,0.0,1.7,58.0,1038.0,0.055,46.0,28.0,16.4
1761,21,26.4,0.0,3.1,62.0,1326.0,0.044,35.0,28.0,277.06
1764,19,22.8,0.0,4.2,61.0,1992.0,0.038,35.0,16.0,222.89
1765,13,28.5,0.0,3.3,41.0,1246.0,0.041,33.0,26.0,154.93
1766,0,19.4,0.0,2.9,76.0,1481.0,0.019,31.0,17.0,87.75
1768,0,19.9,0.0,0.6,38.0,2000.0,0.026,26.0,12.0,100.95
1770,3,19.2,0.0,0.9,42.0,2000.0,0.048,25.0,17.0,30.79
1771,23,19.8,0.0,2.8,67.0,674.0,0.043,39.0,33.0,147.61
1774,11,18.9,0.0,3.4,63.0,1072.0,0.024,36.0,18.0,98.24
1785,14,27.0,0.0,2.7,47.0,1939.0,0.017,39.0,25.0,133.52
1788,16,30.6,0.0,4.9,33.0,1625.0,0.068,60.0,37.0,184.1
1792,4,21.3,0.0,2.0,79.0,685.0,0.028,31.0,26.0,15.38
1794,21,23.3,0.0,2.9,60.0,1970.0,0.042,36.0,23.0,233.29
1797,12,24.5,0.0,3.0,54.0,1011.0,0.037,50.0,31.0,119.42
1798,5,15.3,0.0,2.4,88.0,435.0,0.052,29.0,21.0,15.04
1799,17,29.2,0.0,3.2,22.0,2000.0,0.058,24.0,10.0,277.97
1802,11,25.3,0.0,1.0,64.0,875.0,0.043,35.0,29.0,107.32
1806,2,23.5,0.0,1.0,81.0,531.0,0.023,38.0,28.0,33.35
1808,7,16.1,0.0,2.9,55.0,2000.0,0.027,22.0,13.0,74.26
1810,17,26.4,0.0,3.1,28.0,1969.0,0.051,29.0,14.0,248.21
1818,8,16.7,1.0,1.4,87.0,424.0,0.049,42.0,32.0,119.54
1819,18,30.0,0.0,2.8,30.0,2000.0,0.056,42.0,28.0,383.69
1820,20,25.9,0.0,2.8,20.0,2000.0,0.045,23.0,9.0,287.18
1822,22,23.3,0.0,3.3,61.0,1216.0,0.034,45.0,34.0,236.18
1826,17,29.9,0.0,3.9,53.0,851.0,0.069,44.0,31.0,219.55
1827,16,26.4,0.0,1.8,64.0,1769.0,0.0819999999999999,36.0,31.0,161.97
1835,5,17.6,0.0,3.2,52.0,2000.0,0.041,21.0,12.0,19.51
1841,10,20.9,0.0,2.8,43.0,2000.0,0.037,21.0,16.0,114.73
1842,17,18.4,0.0,2.4,88.0,2000.0,0.022,21.0,14.0,143.36
1843,4,21.0,0.0,2.7,42.0,2000.0,0.046,22.0,16.0,16.56
1846,2,17.6,0.0,0.9,52.0,2000.0,0.033,35.0,19.0,43.18
1849,8,16.3,0.0,1.8,84.0,295.0,0.044,53.0,37.0,100.82
1850,15,31.1,0.0,3.8,28.0,1819.0,0.084,42.0,27.0,199.81
1851,8,23.6,0.0,1.0,52.0,2000.0,0.019,24.0,16.0,188.31
1857,1,21.2,0.0,1.6,68.0,839.0,0.0,0.0,0.0,56.36
1858,22,20.1,0.0,3.0,68.0,631.0,0.05,38.0,32.0,191.2
1860,10,21.2,0.0,2.9,63.0,891.0,0.029,37.0,23.0,98.59
1861,21,24.6,0.0,2.7,49.0,2000.0,0.052,44.0,32.0,240.21
1864,9,19.3,0.0,1.7,76.0,568.0,0.025,39.0,29.0,120.24
1869,19,27.8,0.0,3.3,41.0,1468.0,0.068,55.0,41.0,325.35
1871,1,22.9,0.0,2.6,38.0,2000.0,0.0,0.0,0.0,65.7
1872,6,18.7,1.0,1.5,90.0,165.0,0.068,81.0,54.0,28.77
1875,4,19.2,0.0,0.3,68.0,1643.0,0.015,34.0,23.0,17.07
1878,16,31.5,0.0,4.0,29.0,1971.0,0.084,43.0,23.0,224.09
1879,22,24.6,0.0,3.3,59.0,2000.0,0.029,26.0,18.0,242.76
1885,0,18.7,0.0,0.8,60.0,2000.0,0.017,35.0,20.0,91.96
1888,9,17.8,0.0,3.4,48.0,2000.0,0.025,27.0,14.0,110.37
1889,3,19.4,0.0,2.0,83.0,246.0,0.081,76.0,59.0,28.22
1890,11,22.5,0.0,3.3,54.0,1063.0,0.032,44.0,25.0,96.1
1896,21,18.0,0.0,2.9,80.0,1931.0,0.032,27.0,20.0,138.41
1897,14,32.7,0.0,1.7,28.0,1909.0,0.066,39.0,26.0,183.27
1898,13,25.8,0.0,3.1,60.0,1549.0,0.0,21.0,15.0,120.18
1900,0,21.7,0.0,4.3,40.0,2000.0,0.039,26.0,13.0,101.87
1905,6,20.6,0.0,0.9,82.0,1023.0,0.036,28.0,23.0,40.68
1908,9,19.6,0.0,2.4,74.0,889.0,0.025,37.0,22.0,117.06
1909,10,26.9,0.0,1.0,51.0,1150.0,0.013,34.0,23.0,100.76
1913,1,24.6,0.0,0.6,55.0,2000.0,0.0,0.0,0.0,71.0
1918,9,23.7,0.0,1.9,53.0,1403.0,0.027,54.0,36.0,107.55
1922,19,29.5,0.0,1.7,19.0,2000.0,0.083,25.0,19.0,322.03
1923,12,27.8,0.0,1.8,46.0,1232.0,0.033,35.0,23.0,131.46
1925,20,25.2,0.0,5.1,54.0,1614.0,0.031,46.0,31.0,271.77
1926,20,18.3,0.0,3.9,79.0,1910.0,0.032,27.0,20.0,134.37
1927,20,28.1,0.0,3.9,51.0,891.0,0.056,51.0,41.0,300.86
1930,23,24.0,0.0,1.9,59.0,1406.0,0.04,52.0,34.0,205.13
1935,7,22.3,0.0,0.3,85.0,328.0,0.042,50.0,37.0,66.47
1939,9,19.7,0.0,1.3,39.0,2000.0,0.017,30.0,12.0,117.82
1942,10,22.3,0.0,2.5,58.0,1181.0,0.027,36.0,21.0,97.54
1943,19,0.0,0.0,0.0,0.0,0.0,0.0,0.0,0.0,106.17
1948,17,32.9,0.0,4.2,41.0,957.0,0.098,59.0,41.0,258.9
1949,21,25.6,0.0,3.7,64.0,896.0,0.04,43.0,32.0,268.42
1951,11,23.3,0.0,2.3,56.0,1477.0,0.036,28.0,17.0,112.32
1953,10,22.4,0.0,1.3,31.0,2000.0,0.025,24.0,10.0,118.66
1959,14,28.2,0.0,1.8,51.0,1814.0,0.0,25.0,18.0,129.98
1963,4,19.0,0.0,1.7,64.0,2000.0,0.032,31.0,18.0,16.94
1967,23,20.6,0.0,3.8,78.0,306.0,0.055,59.0,43.0,126.61
1973,20,26.4,0.0,2.5,68.0,941.0,0.044,37.0,29.0,269.98
1975,3,23.5,0.0,2.3,75.0,725.0,0.006,33.0,28.0,26.87
1976,0,20.2,0.0,3.5,81.0,256.0,0.059,67.0,46.0,86.84
1990,10,21.7,0.0,2.5,38.0,2000.0,0.033,21.0,8.0,117.46
1993,9,25.0,0.0,0.3,47.0,1990.0,0.019,28.0,17.0,114.99
1997,8,18.6,0.0,1.5,79.0,885.0,0.022,33.0,21.0,196.14
1999,12,28.1,0.0,2.0,52.0,1196.0,0.032,31.0,24.0,123.86
2001,18,24.3,0.0,4.2,52.0,2000.0,0.04,35.0,18.0,315.73
2004,0,21.5,0.0,2.6,74.0,1348.0,0.014,32.0,24.0,89.85
2010,10,23.8,0.0,1.4,53.0,885.0,0.062,42.0,30.0,104.45
2013,12,27.8,0.0,2.8,37.0,1536.0,0.031,63.0,38.0,145.14
2017,19,26.3,0.0,4.8,32.0,2000.0,0.044,33.0,21.0,305.38
2021,15,19.1,0.0,2.9,92.0,279.0,0.024,30.0,24.0,117.16
2023,8,18.3,0.0,1.3,82.0,434.0,0.027,40.0,26.0,166.33
2026,13,27.2,0.0,3.2,25.0,2000.0,0.043,24.0,10.0,141.67
2037,6,19.6,0.0,1.6,82.0,303.0,0.013,53.0,42.0,31.42
2039,8,19.3,0.0,0.8,60.0,2000.0,0.026,40.0,23.0,202.04
2041,5,19.8,0.0,0.1,74.0,579.0,0.015,47.0,39.0,18.36
2046,6,15.2,0.0,0.4,51.0,2000.0,0.008,24.0,14.0,31.57
2050,4,23.2,0.0,2.4,76.0,626.0,0.028,37.0,30.0,18.16
2060,17,24.6,0.0,5.2,49.0,1127.0,0.065,33.0,27.0,244.03
2067,11,23.7,0.0,3.3,65.0,1383.0,0.031,32.0,27.0,104.2
2069,13,27.9,0.0,3.1,42.0,821.0,0.09,58.0,41.0,139.11
2072,22,25.7,0.0,1.2,52.0,2000.0,0.032,33.0,23.0,257.18
2074,14,29.9,0.0,1.6,47.0,838.0,0.053,42.0,32.0,139.04
2079,13,23.3,0.0,3.6,55.0,586.0,0.07,65.0,43.0,113.92
2083,3,23.0,0.0,2.2,81.0,322.0,0.032,56.0,47.0,26.36
2085,8,20.9,0.0,1.7,68.0,669.0,0.028,47.0,29.0,190.05
2087,5,18.9,0.0,2.5,85.0,232.0,0.078,71.0,53.0,17.51
2093,12,24.8,0.0,3.2,32.0,2000.0,0.038,19.0,10.0,142.47
2094,3,17.5,0.0,2.9,47.0,2000.0,0.031,23.0,11.0,31.11
2097,6,22.2,0.0,0.9,82.0,488.0,0.022,35.0,28.0,40.34
2103,11,20.4,0.0,2.1,66.0,390.0,0.049,58.0,39.0,102.1
2104,1,21.7,0.0,1.7,75.0,957.0,0.0,0.0,0.0,56.76
2107,15,32.2,0.0,2.3,29.0,1208.0,0.074,52.0,34.0,190.8
2108,6,15.2,0.0,1.9,89.0,324.0,0.05,39.0,28.0,19.24
2110,9,17.5,1.0,0.4,100.0,253.0,0.009,13.0,10.0,95.44
2115,16,30.1,0.0,3.4,50.0,654.0,0.0819999999999999,44.0,41.0,168.1
2117,6,15.9,0.0,1.6,59.0,2000.0,0.041,24.0,18.0,31.06
2125,19,28.8,0.0,3.9,54.0,940.0,0.061,46.0,37.0,316.99
2127,17,29.6,0.0,2.5,19.0,2000.0,0.081,23.0,18.0,280.99
2133,4,18.3,0.0,1.2,84.0,930.0,0.028,31.0,20.0,15.18
2134,18,29.2,0.0,3.1,23.0,2000.0,0.058,26.0,11.0,373.37
2135,12,23.7,0.0,2.3,55.0,1263.0,0.043,45.0,26.0,114.6
2141,17,27.8,0.0,1.5,27.0,2000.0,0.068,27.0,17.0,267.13
2143,2,21.0,0.0,2.3,70.0,724.0,0.034,44.0,34.0,33.58
2145,0,20.0,0.0,1.5,66.0,1549.0,0.031,34.0,21.0,86.66
2146,3,21.6,0.0,2.6,41.0,2000.0,0.044,25.0,16.0,29.35
2147,18,24.3,0.0,4.1,46.0,1246.0,0.063,35.0,28.0,292.23
2148,1,24.6,0.0,2.4,60.0,1745.0,0.0,0.0,0.0,59.85
2149,1,18.1,0.0,1.0,55.0,2000.0,0.0,0.0,0.0,72.3
2165,9,23.3,0.0,2.3,66.0,1789.0,0.02,17.0,15.0,120.85
2166,16,27.0,0.0,1.6,46.0,1956.0,0.032,40.0,26.0,154.64
2177,8,22.3,0.0,1.0,63.0,1277.0,0.0069999999999999,30.0,24.0,203.92
